first_name,last_name,register_on,customer_id
Payton,Roberts,2019-08-16T10:33:21Z,315
Dorthy,Heller,2018-12-22T23:23:28Z,307
Kelley,Bradtke,2019-12-04T13:27:34Z,312
Lynn,Kautzer,2020-02-06T03:35:14Z,308
Hollie,Christiansen,2019-02-03T10:30:56Z,322
Elisha,Keebler,2020-01-06T03:40:01Z,307
Earl,Harvey,2020-01-10T05:50:29Z,316
Hallie,Christiansen,2019-09-05T00:21:32Z,312
Rocio,Mertz,2019-04-05T08:21:24Z,327
Lenna,Hyatt,2019-04-16T15:58:33Z,314
Richmond,Bergstrom,2020-02-01T04:09:01Z,311
Enola,Predovic,2020-01-03T02:06:32Z,328
Gabriella,Kling,2019-02-03T15:36:07Z,305
Ramiro,Denesik,2019-08-30T09:23:58Z,311
Opal,Simonis,2018-10-28T07:11:58Z,323
Dessie,Dickinson,2018-10-04T18:15:18Z,304
Jermain,Jenkins,2019-09-11T13:04:44Z,324
Brook,Ratke,2019-10-29T14:15:12Z,323
Palma,Waters,2019-02-11T00:10:38Z,303
Clark,Walsh,2019-07-05T18:26:28Z,313
Vinnie,Sawayn,2019-08-22T15:11:57Z,309
Clemens,Ankunding,2019-10-16T12:37:26Z,304
Jaylen,Wolf,2019-04-05T00:46:48Z,319
May,Zboncak,2019-11-07T00:29:49Z,318
Angie,Senger,2019-10-09T06:44:15Z,325
Jay,Nikolaus,2018-12-17T11:06:43Z,314
Kyla,Weber,2018-10-24T08:23:12Z,311
Bridget,Jakubowski,2019-07-27T19:45:56Z,307
Ambrose,Flatley,2019-10-26T15:18:30Z,316
Archibald,Schoen,2019-09-27T11:01:16Z,307
Cecilia,Hayes,2019-10-15T13:19:35Z,330
Brandi,Hermann,2019-07-28T16:42:52Z,305
Antonio,Kunze,2019-02-25T12:18:42Z,308
Jameson,Carroll,2018-11-25T18:24:46Z,310
Ahmed,Gutkowski,2020-02-08T02:20:50Z,327
Nadia,Moen,2019-12-06T14:08:10Z,320
Joaquin,Wolf,2019-11-12T12:25:44Z,324
Blair,Reichert,2019-12-16T00:58:55Z,303
Noemie,O'Keefe,2019-07-04T11:24:05Z,300
Leonor,Marvin,2020-02-09T00:54:23Z,312
